word,gloss
casa,家
familia,家庭
madre,母亲
cocina,厨房
taza,杯子
café,咖啡；咖啡馆
pan,面包
mesa,桌子
hermano,兄弟
habitación,房间
ventana,窗户
calle,街道
universidad,大学
mercado,市场
amiga,（女性）朋友
arroz,大米、米饭
pescado,鱼
naranja,橙子
leche,牛奶
manzana,苹果
dinero,钱
agua,水
estación,车站
tren,火车
ciudad,城市
mapa,地图
hotel,酒店
ropa,衣服
museo,博物馆
plaza,广场
puente,桥
torre,塔
taxi,出租车
fiesta,聚会
armario,衣柜
vestido,连衣裙
camisa,衬衫
chaqueta,夹克
zapato,鞋
rojo,红色的
blanco,白色的
azul,蓝色的
negro,黑色的
color,颜色
estudiante,学生
clase,课、课程
español,西班牙语
profesor,老师
libro,书
cuaderno,笔记本
bolígrafo,圆珠笔
lápiz,铅笔
papel,纸
ordenador,电脑
perro,狗
gato,猫
coche,汽车
playa,海滩
sol,太阳
luna,月亮
flor,花
jardín,花园
cine,电影院
música,音乐
